,X,Y,value
0,1.0,5.0,9.887764712622374
1,1.0,6.0,7.0
2,1.0,7.0,7.0
3,1.0,8.0,7.0
4,1.0,9.0,8.03063301486822
5,1.0,10.0,7.0
6,1.0,11.0,7.0
7,1.0,12.0,7.0
8,1.0,13.0,7.0
9,1.0,14.0,7.0
10,1.0,15.0,7.0
11,1.0,16.0,7.0
12,1.0,17.0,7.0
13,1.0,18.0,7.0
14,1.0,19.0,7.0
15,1.0,20.0,7.0
16,1.0,21.0,7.0
17,1.0,22.0,7.0
18,1.0,23.0,7.0
19,1.0,24.0,7.0
20,1.0,25.0,7.0
21,1.0,26.0,7.0
22,1.0,27.0,7.0
23,1.0,28.0,7.0
24,1.0,29.0,7.0
25,1.0,30.0,7.0
26,1.0,31.0,7.0
27,1.0,32.0,7.0
28,1.0,33.0,7.0
29,1.0,34.0,7.0
30,1.0,35.0,7.0
31,2.0,5.0,10.342871543212176
32,2.0,6.0,9.909505107199866
33,2.0,7.0,9.814668299638866
34,2.0,8.0,9.817238747383918
35,2.0,9.0,9.964256608365913
36,2.0,10.0,9.741145078057485
37,2.0,11.0,10.066085489329412
38,2.0,12.0,10.084575893091074
39,2.0,13.0,10.309097748157805
40,2.0,14.0,7.0
41,2.0,15.0,10.166843632684106
42,2.0,16.0,7.0
43,2.0,17.0,7.0
44,2.0,18.0,7.0
45,2.0,19.0,7.0
46,2.0,20.0,7.0
47,2.0,21.0,7.0
48,2.0,22.0,7.0
49,2.0,23.0,7.0
50,2.0,24.0,7.0
51,2.0,25.0,7.0
52,2.0,26.0,7.0
53,2.0,27.0,7.0
54,2.0,28.0,7.0
55,2.0,29.0,7.0
56,2.0,30.0,7.0
57,2.0,31.0,7.0
58,2.0,32.0,7.0
59,2.0,33.0,7.0
60,2.0,34.0,7.0
61,2.0,35.0,7.0
62,3.0,5.0,10.453587344482093
63,3.0,6.0,10.198523711314856
64,3.0,7.0,10.06987270458449
65,3.0,8.0,10.198417384004484
66,3.0,9.0,9.932721798104723
67,3.0,10.0,9.852771513320155
68,3.0,11.0,10.194973096895199
69,3.0,12.0,10.112384214819798
70,3.0,13.0,10.146585353638175
71,3.0,14.0,10.043720779720159
72,3.0,15.0,10.158572179492547
73,3.0,16.0,7.0
74,3.0,17.0,7.0
75,3.0,18.0,7.0
76,3.0,19.0,7.0
77,3.0,20.0,7.0
78,3.0,21.0,7.0
79,3.0,22.0,7.0
80,3.0,23.0,7.0
81,3.0,24.0,7.0
82,3.0,25.0,7.0
83,3.0,26.0,7.0
84,3.0,27.0,7.0
85,3.0,28.0,7.0
86,3.0,29.0,7.0
87,3.0,30.0,7.0
88,3.0,31.0,7.0
89,3.0,32.0,7.0
90,3.0,33.0,7.0
91,3.0,34.0,7.0
92,3.0,35.0,7.0
93,4.0,5.0,10.491413834043412
94,4.0,6.0,10.357485131960765
95,4.0,7.0,10.206182763589203
96,4.0,8.0,10.238774731116534
97,4.0,9.0,10.143537737598587
98,4.0,10.0,10.211553674295711
99,4.0,11.0,10.191781268253168
100,4.0,12.0,10.097938033421508
101,4.0,13.0,10.288253341117192
102,4.0,14.0,10.143275991953846
103,4.0,15.0,10.23765833331455
104,4.0,16.0,7.0
105,4.0,17.0,10.44608312439092
106,4.0,18.0,7.0
107,4.0,19.0,10.438704524004585
108,4.0,20.0,7.0
109,4.0,21.0,7.0
110,4.0,22.0,7.0
111,4.0,23.0,7.0
112,4.0,24.0,7.0
113,4.0,25.0,7.0
114,4.0,26.0,7.0
115,4.0,27.0,7.0
116,4.0,28.0,7.0
117,4.0,29.0,7.0
118,4.0,30.0,7.0
119,4.0,31.0,7.0
120,4.0,32.0,7.0
121,4.0,33.0,7.0
122,4.0,34.0,7.0
123,4.0,35.0,7.0
124,5.0,5.0,10.495629632226624
125,5.0,6.0,10.425196934328078
126,5.0,7.0,10.320972356035686
127,5.0,8.0,10.238155569576614
128,5.0,9.0,10.28235490860185
129,5.0,10.0,10.14669007083771
130,5.0,11.0,10.206046801807545
131,5.0,12.0,10.146575551154944
132,5.0,13.0,10.349132620532986
133,5.0,14.0,10.27369829335347
134,5.0,15.0,10.193232495806079
135,5.0,16.0,10.131843701523445
136,5.0,17.0,10.302581905358249
137,5.0,18.0,7.0
138,5.0,19.0,7.0
139,5.0,20.0,7.0
140,5.0,21.0,7.0
141,5.0,22.0,7.0
142,5.0,23.0,7.0
143,5.0,24.0,7.0
144,5.0,25.0,7.0
145,5.0,26.0,7.0
146,5.0,27.0,7.0
147,5.0,28.0,7.0
148,5.0,29.0,7.0
149,5.0,30.0,7.0
150,5.0,31.0,7.0
151,5.0,32.0,7.0
152,5.0,33.0,7.0
153,5.0,34.0,7.0
154,5.0,35.0,7.0
155,6.0,5.0,10.498917996812764
156,6.0,6.0,10.453092215845013
157,6.0,7.0,10.374241886774453
158,6.0,8.0,10.336219193630026
159,6.0,9.0,10.313663366010704
160,6.0,10.0,10.235779782289589
161,6.0,11.0,10.195290040069041
162,6.0,12.0,10.297815153948093
163,6.0,13.0,10.275013810595343
164,6.0,14.0,10.316486809161606
165,6.0,15.0,10.345199130226437
166,6.0,16.0,10.362337931988042
167,6.0,17.0,10.215729606831992
168,6.0,18.0,10.349222883919168
169,6.0,19.0,10.403208894188937
170,6.0,20.0,7.0
171,6.0,21.0,7.0
172,6.0,22.0,7.0
173,6.0,23.0,7.0
174,6.0,24.0,7.0
175,6.0,25.0,7.0
176,6.0,26.0,7.0
177,6.0,27.0,7.0
178,6.0,28.0,7.0
179,6.0,29.0,7.0
180,6.0,30.0,7.0
181,6.0,31.0,7.0
182,6.0,32.0,7.0
183,6.0,33.0,7.0
184,6.0,34.0,7.0
185,6.0,35.0,7.0
186,7.0,5.0,10.503248476680136
187,7.0,6.0,10.481640618951282
188,7.0,7.0,10.428508819684186
189,7.0,8.0,10.36459516454903
190,7.0,9.0,10.285971063899847
191,7.0,10.0,10.37491862635335
192,7.0,11.0,10.328302914191339
193,7.0,12.0,10.310505255913837
194,7.0,13.0,10.190873849543348
195,7.0,14.0,10.24853806885334
196,7.0,15.0,10.26482765827198
197,7.0,16.0,10.173010029987122
198,7.0,17.0,10.291950204445222
199,7.0,18.0,10.46247342783252
200,7.0,19.0,10.251923650196069
201,7.0,20.0,7.0
202,7.0,21.0,10.50323881367568
203,7.0,22.0,7.0
204,7.0,23.0,7.0
205,7.0,24.0,10.438854557945472
206,7.0,25.0,7.0
207,7.0,26.0,7.0
208,7.0,27.0,7.0
209,7.0,28.0,7.0
210,7.0,29.0,7.0
211,7.0,30.0,7.0
212,7.0,31.0,7.0
213,7.0,32.0,7.0
214,7.0,33.0,7.0
215,7.0,34.0,7.0
216,7.0,35.0,7.0
217,8.0,5.0,10.503266272376695
218,8.0,6.0,10.503239254794643
219,8.0,7.0,10.447448325839563
220,8.0,8.0,10.357087626090927
221,8.0,9.0,10.38690357934696
222,8.0,10.0,10.314534543946444
223,8.0,11.0,10.363486592210341
224,8.0,12.0,10.378143943818893
225,8.0,13.0,10.14404019188998
226,8.0,14.0,10.3601568399501
227,8.0,15.0,10.231432892020456
228,8.0,16.0,10.321063472258883
229,8.0,17.0,10.416298703837077
230,8.0,18.0,10.314036268908074
231,8.0,19.0,7.0
232,8.0,20.0,10.329132994378192
233,8.0,21.0,7.0
234,8.0,22.0,7.0
235,8.0,23.0,7.0
236,8.0,24.0,7.0
237,8.0,25.0,7.0
238,8.0,26.0,7.0
239,8.0,27.0,7.0
240,8.0,28.0,7.0
241,8.0,29.0,7.0
242,8.0,30.0,7.0
243,8.0,31.0,7.0
244,8.0,32.0,7.0
245,8.0,33.0,7.0
246,8.0,34.0,7.0
247,8.0,35.0,7.0
248,9.0,5.0,10.50325099483044
249,9.0,6.0,10.478956441953791
250,9.0,7.0,10.431818033900443
251,9.0,8.0,10.408750025717335
252,9.0,9.0,10.425270920336263
253,9.0,10.0,10.436575142535013
254,9.0,11.0,10.413102961528928
255,9.0,12.0,10.37402229071854
256,9.0,13.0,10.382634622154946
257,9.0,14.0,10.280093546896987
258,9.0,15.0,10.41622135457142
259,9.0,16.0,10.315183683627588
260,9.0,17.0,10.342941286718188
261,9.0,18.0,10.41622135457142
262,9.0,19.0,7.0
263,9.0,20.0,10.378070753048947
264,9.0,21.0,7.0
265,9.0,22.0,7.0
266,9.0,23.0,7.0
267,9.0,24.0,7.0
268,9.0,25.0,7.0
269,9.0,26.0,7.0
270,9.0,27.0,7.0
271,9.0,28.0,7.0
272,9.0,29.0,7.0
273,9.0,30.0,7.0
274,9.0,31.0,7.0
275,9.0,32.0,7.0
276,9.0,33.0,7.0
277,9.0,34.0,7.0
278,9.0,35.0,7.0
279,10.0,5.0,10.493860434157858
280,10.0,6.0,10.479974988725536
281,10.0,7.0,10.4924443807976
282,10.0,8.0,10.44405475393832
283,10.0,9.0,10.367705551195826
284,10.0,10.0,10.451102807695047
285,10.0,11.0,10.374682282484525
286,10.0,12.0,10.304812769775918
287,10.0,13.0,10.245458442517316
288,10.0,14.0,10.215557313044739
289,10.0,15.0,10.32093612679682
290,10.0,16.0,10.356631095961035
291,10.0,17.0,10.454441444535641
292,10.0,18.0,10.363488879469507
293,10.0,19.0,10.45214783316919
294,10.0,20.0,10.349111578234764
295,10.0,21.0,10.231691002898947
296,10.0,22.0,7.0
297,10.0,23.0,7.0
298,10.0,24.0,7.0
299,10.0,25.0,7.0
300,10.0,26.0,7.0
301,10.0,27.0,7.0
302,10.0,28.0,7.0
303,10.0,29.0,7.0
304,10.0,30.0,7.0
305,10.0,31.0,7.0
306,10.0,32.0,7.0
307,10.0,33.0,7.0
308,10.0,34.0,7.0
309,10.0,35.0,7.0
310,11.0,5.0,10.503248631915783
311,11.0,6.0,10.480244547995563
312,11.0,7.0,10.479133354199272
313,11.0,8.0,10.396467286510388
314,11.0,9.0,10.378949068823854
315,11.0,10.0,10.367538479712707
316,11.0,11.0,10.353797220456324
317,11.0,12.0,10.288973702013182
318,11.0,13.0,10.432685637012403
319,11.0,14.0,10.403173502746945
320,11.0,15.0,10.349084131093383
321,11.0,16.0,10.36970276478357
322,11.0,17.0,10.288474514914322
323,11.0,18.0,10.369910560250847
324,11.0,19.0,10.331808756890524
325,11.0,20.0,10.416485814413736
326,11.0,21.0,7.0
327,11.0,22.0,7.0
328,11.0,23.0,10.442607329983653
329,11.0,24.0,7.0
330,11.0,25.0,7.0
331,11.0,26.0,7.0
332,11.0,27.0,7.0
333,11.0,28.0,7.0
334,11.0,29.0,7.0
335,11.0,30.0,7.0
336,11.0,31.0,7.0
337,11.0,32.0,7.0
338,11.0,33.0,7.0
339,11.0,34.0,7.0
340,11.0,35.0,7.0
341,12.0,5.0,10.503247096877061
342,12.0,6.0,10.503230236323834
343,12.0,7.0,10.50323821525817
344,12.0,8.0,10.465034688503387
345,12.0,9.0,10.503250338621335
346,12.0,10.0,10.42446015748531
347,12.0,11.0,10.451059187139956
348,12.0,12.0,10.418080967213973
349,12.0,13.0,10.419874881307956
350,12.0,14.0,10.454448306413587
351,12.0,15.0,10.382641659759681
352,12.0,16.0,10.392007830342939
353,12.0,17.0,10.426271390996785
354,12.0,18.0,10.423189815951316
355,12.0,19.0,10.426271390996785
356,12.0,20.0,10.289687504269352
357,12.0,21.0,10.412261072175989
358,12.0,22.0,10.392051422568354
359,12.0,23.0,10.369928201273675
360,12.0,24.0,10.378105519332609
361,12.0,25.0,7.0
362,12.0,26.0,7.0
363,12.0,27.0,7.0
364,12.0,28.0,7.0
365,12.0,29.0,7.0
366,12.0,30.0,7.0
367,12.0,31.0,7.0
368,12.0,32.0,7.0
369,12.0,33.0,7.0
370,12.0,34.0,7.0
371,12.0,35.0,7.0
372,13.0,5.0,10.503246213182788
373,13.0,6.0,10.503230236323834
374,13.0,7.0,10.45059985565697
375,13.0,8.0,10.503230236323834
376,13.0,9.0,10.462421584319104
377,13.0,10.0,10.406069288646226
378,13.0,11.0,10.46549096401903
379,13.0,12.0,10.435790870478348
380,13.0,13.0,10.430911633315361
381,13.0,14.0,10.477255472226723
382,13.0,15.0,10.338932086385478
383,13.0,16.0,10.423189815951316
384,13.0,17.0,10.37402229071854
385,13.0,18.0,10.327344848239242
386,13.0,19.0,7.0
387,13.0,20.0,10.340716150516144
388,13.0,21.0,10.397872770399538
389,13.0,22.0,10.503230236323834
390,13.0,23.0,7.0
391,13.0,24.0,7.0
392,13.0,25.0,7.0
393,13.0,26.0,7.0
394,13.0,27.0,7.0
395,13.0,28.0,7.0
396,13.0,29.0,7.0
397,13.0,30.0,7.0
398,13.0,31.0,7.0
399,13.0,32.0,7.0
400,13.0,33.0,7.0
401,13.0,34.0,7.0
402,13.0,35.0,7.0
403,14.0,5.0,10.503239811037398
404,14.0,6.0,10.503233465453164
405,14.0,7.0,10.503241354294888
406,14.0,8.0,10.503244874959952
407,14.0,9.0,10.469329631118175
408,14.0,10.0,10.354230436487263
409,14.0,11.0,10.484538621191616
410,14.0,12.0,10.379619891882191
411,14.0,13.0,10.407944759093656
412,14.0,14.0,10.459746344278622
413,14.0,15.0,10.392007830342939
414,14.0,16.0,10.41622135457142
415,14.0,17.0,10.33138512581711
416,14.0,18.0,10.503230236323834
417,14.0,19.0,10.416222602187693
418,14.0,20.0,7.0
419,14.0,21.0,7.0
420,14.0,22.0,10.503230236323834
421,14.0,23.0,7.0
422,14.0,24.0,7.0
423,14.0,25.0,7.0
424,14.0,26.0,7.0
425,14.0,27.0,7.0
426,14.0,28.0,7.0
427,14.0,29.0,7.0
428,14.0,30.0,7.0
429,14.0,31.0,7.0
430,14.0,32.0,7.0
431,14.0,33.0,7.0
432,14.0,34.0,7.0
433,14.0,35.0,7.0
434,15.0,5.0,10.503247390953955
435,15.0,6.0,10.480758004281663
436,15.0,7.0,10.503230665193174
437,15.0,8.0,10.503230236323834
438,15.0,9.0,10.488192774832596
439,15.0,10.0,10.503230236323834
440,15.0,11.0,10.394085310328926
441,15.0,12.0,10.37402229071854
442,15.0,13.0,10.410142491073126
443,15.0,14.0,10.458779721372386
444,15.0,15.0,10.503230236323834
445,15.0,16.0,10.474269339455718
446,15.0,17.0,10.388872283820167
447,15.0,18.0,10.442607329983653
448,15.0,19.0,10.407966716425072
449,15.0,20.0,10.454441444535641
450,15.0,21.0,10.503313882786879
451,15.0,22.0,7.0
452,15.0,23.0,10.416222602187693
453,15.0,24.0,7.0
454,15.0,25.0,7.0
455,15.0,26.0,7.0
456,15.0,27.0,7.0
457,15.0,28.0,7.0
458,15.0,29.0,7.0
459,15.0,30.0,7.0
460,15.0,31.0,7.0
461,15.0,32.0,7.0
462,15.0,33.0,7.0
463,15.0,34.0,7.0
464,15.0,35.0,7.0
465,16.0,5.0,10.50323847058302
466,16.0,6.0,10.503230236323834
467,16.0,7.0,10.503230236323834
468,16.0,8.0,10.47148242341672
469,16.0,9.0,10.487244946797711
470,16.0,10.0,10.480758004281663
471,16.0,11.0,10.46549096401903
472,16.0,12.0,10.479133354199272
473,16.0,13.0,10.452007725459353
474,16.0,14.0,10.431773305498409
475,16.0,15.0,10.42531765431718
476,16.0,16.0,10.462409385454743
477,16.0,17.0,10.451938386548063
478,16.0,18.0,10.369704725319933
479,16.0,19.0,10.442607329983653
480,16.0,20.0,10.385450631617017
481,16.0,21.0,10.397872770399538
482,16.0,22.0,7.0
483,16.0,23.0,7.0
484,16.0,24.0,7.0
485,16.0,25.0,7.0
486,16.0,26.0,7.0
487,16.0,27.0,7.0
488,16.0,28.0,7.0
489,16.0,29.0,7.0
490,16.0,30.0,7.0
491,16.0,31.0,7.0
492,16.0,32.0,7.0
493,16.0,33.0,7.0
494,16.0,34.0,7.0
495,16.0,35.0,7.0
496,17.0,5.0,10.503237098211196
497,17.0,6.0,10.503230236323834
498,17.0,7.0,10.503230236323834
499,17.0,8.0,10.503230236323834
500,17.0,9.0,10.503230236323834
501,17.0,10.0,10.454441444535641
502,17.0,11.0,10.45322122331965
503,17.0,12.0,10.503230236323834
504,17.0,13.0,10.462409385454743
505,17.0,14.0,10.37402229071854
506,17.0,15.0,10.462409385454743
507,17.0,16.0,10.46244483799209
508,17.0,17.0,10.449164539921485
509,17.0,18.0,10.302565640319441
510,17.0,19.0,10.503230236323834
511,17.0,20.0,10.503230236323834
512,17.0,21.0,10.369704725319933
513,17.0,22.0,7.0
514,17.0,23.0,7.0
515,17.0,24.0,7.0
516,17.0,25.0,7.0
517,17.0,26.0,7.0
518,17.0,27.0,7.0
519,17.0,28.0,7.0
520,17.0,29.0,7.0
521,17.0,30.0,7.0
522,17.0,31.0,7.0
523,17.0,32.0,7.0
524,17.0,33.0,7.0
525,17.0,34.0,7.0
526,17.0,35.0,7.0
527,18.0,5.0,10.503286845486471
528,18.0,6.0,10.503230236323834
529,18.0,7.0,10.503230236323834
530,18.0,8.0,10.48302808916215
531,18.0,9.0,10.480241356416226
532,18.0,10.0,10.44496297505712
533,18.0,11.0,10.458800306867536
534,18.0,12.0,10.392007830342939
535,18.0,13.0,10.437274139960532
536,18.0,14.0,10.418675270143746
537,18.0,15.0,10.503230236323834
538,18.0,16.0,10.431806851987492
539,18.0,17.0,10.458779721372386
540,18.0,18.0,10.356631095961035
541,18.0,19.0,10.456754658743607
542,18.0,20.0,7.0
543,18.0,21.0,10.403149666988321
544,18.0,22.0,10.503230236323834
545,18.0,23.0,10.446073437049854
546,18.0,24.0,7.0
547,18.0,25.0,7.0
548,18.0,26.0,7.0
549,18.0,27.0,7.0
550,18.0,28.0,7.0
551,18.0,29.0,7.0
552,18.0,30.0,7.0
553,18.0,31.0,7.0
554,18.0,32.0,7.0
555,18.0,33.0,7.0
556,18.0,34.0,7.0
557,18.0,35.0,7.0
558,19.0,5.0,10.503245015715029
559,19.0,6.0,10.503230236323834
560,19.0,7.0,10.47658572746251
561,19.0,8.0,10.451938386548063
562,19.0,9.0,10.503230236323834
563,19.0,10.0,10.503230236323834
564,19.0,11.0,10.503230236323834
565,19.0,12.0,10.457769138880849
566,19.0,13.0,10.436571041303365
567,19.0,14.0,10.475110332253292
568,19.0,15.0,10.465592303922655
569,19.0,16.0,10.423263006821703
570,19.0,17.0,10.454485359740877
571,19.0,18.0,10.378070753048947
572,19.0,19.0,10.42915921223855
573,19.0,20.0,10.43183836433093
574,19.0,21.0,10.503265525528674
575,19.0,22.0,10.438693545027498
576,19.0,23.0,7.0
577,19.0,24.0,7.0
578,19.0,25.0,7.0
579,19.0,26.0,10.442607329983653
580,19.0,27.0,10.503285130104382
581,19.0,28.0,7.0
582,19.0,29.0,7.0
583,19.0,30.0,7.0
584,19.0,31.0,7.0
585,19.0,32.0,7.0
586,19.0,33.0,7.0
587,19.0,34.0,7.0
588,19.0,35.0,7.0
589,20.0,5.0,10.503244767323704
590,20.0,6.0,10.503230236323834
591,20.0,7.0,10.503230236323834
592,20.0,8.0,10.503230236323834
593,20.0,9.0,10.449188175077028
594,20.0,10.0,10.475832024569973
595,20.0,11.0,10.503230236323834
596,20.0,12.0,10.38187292094473
597,20.0,13.0,10.423189815951316
598,20.0,14.0,10.426271390996785
599,20.0,15.0,10.454441444535641
600,20.0,16.0,10.378070753048947
601,20.0,17.0,10.503230236323834
602,20.0,18.0,10.33138512581711
603,20.0,19.0,10.438742949475188
604,20.0,20.0,7.0
605,20.0,21.0,7.0
606,20.0,22.0,7.0
607,20.0,23.0,7.0
608,20.0,24.0,7.0
609,20.0,25.0,7.0
610,20.0,26.0,7.0
611,20.0,27.0,7.0
612,20.0,28.0,7.0
613,20.0,29.0,7.0
614,20.0,30.0,7.0
615,20.0,31.0,7.0
616,20.0,32.0,7.0
617,20.0,33.0,7.0
618,20.0,34.0,7.0
619,20.0,35.0,7.0
620,21.0,5.0,10.503242435202148
621,21.0,6.0,10.503230236323834
622,21.0,7.0,10.503230236323834
623,21.0,8.0,10.503230236323834
624,21.0,9.0,10.503230236323834
625,21.0,10.0,10.503230236323834
626,21.0,11.0,10.503230236323834
627,21.0,12.0,10.47044132842188
628,21.0,13.0,10.442607329983653
629,21.0,14.0,10.503230236323834
630,21.0,15.0,10.423189815951316
631,21.0,16.0,10.39403411138963
632,21.0,17.0,10.462409385454743
633,21.0,18.0,10.378070753048947
634,21.0,19.0,7.0
635,21.0,20.0,10.438693545027498
636,21.0,21.0,10.503230236323834
637,21.0,22.0,7.0
638,21.0,23.0,10.442607329983653
639,21.0,24.0,7.0
640,21.0,25.0,7.0
641,21.0,26.0,7.0
642,21.0,27.0,7.0
643,21.0,28.0,7.0
644,21.0,29.0,7.0
645,21.0,30.0,7.0
646,21.0,31.0,7.0
647,21.0,32.0,7.0
648,21.0,33.0,7.0
649,21.0,34.0,7.0
650,21.0,35.0,7.0
651,22.0,5.0,10.50324034856246
652,22.0,6.0,10.503230236323834
653,22.0,7.0,10.503230236323834
654,22.0,8.0,10.503230236323834
655,22.0,9.0,10.503230236323834
656,22.0,10.0,10.503230236323834
657,22.0,11.0,10.503230236323834
658,22.0,12.0,10.503230236323834
659,22.0,13.0,10.503230236323834
660,22.0,14.0,10.503230236323834
661,22.0,15.0,10.462409385454743
662,22.0,16.0,10.503230236323834
663,22.0,17.0,10.454441444535641
664,22.0,18.0,10.458779721372386
665,22.0,19.0,7.0
666,22.0,20.0,10.349131400701701
667,22.0,21.0,10.503230236323834
668,22.0,22.0,10.503230236323834
669,22.0,23.0,7.0
670,22.0,24.0,10.503230236323834
671,22.0,25.0,7.0
672,22.0,26.0,7.0
673,22.0,27.0,7.0
674,22.0,28.0,7.0
675,22.0,29.0,7.0
676,22.0,30.0,7.0
677,22.0,31.0,7.0
678,22.0,32.0,7.0
679,22.0,33.0,7.0
680,22.0,34.0,7.0
681,22.0,35.0,7.0
682,23.0,5.0,7.0
683,23.0,6.0,10.503230236323834
684,23.0,7.0,10.503230236323834
685,23.0,8.0,10.503230236323834
686,23.0,9.0,10.503230236323834
687,23.0,10.0,10.464010621075696
688,23.0,11.0,10.473378104920583
689,23.0,12.0,10.46549096401903
690,23.0,13.0,10.469329631118175
691,23.0,14.0,10.392007830342939
692,23.0,15.0,10.451938386548063
693,23.0,16.0,7.0
694,23.0,17.0,10.503230236323834
695,23.0,18.0,10.503230236323834
696,23.0,19.0,7.0
697,23.0,20.0,7.0
698,23.0,21.0,10.503230236323834
699,23.0,22.0,7.0
700,23.0,23.0,7.0
701,23.0,24.0,10.503230236323834
702,23.0,25.0,7.0
703,23.0,26.0,7.0
704,23.0,27.0,7.0
705,23.0,28.0,7.0
706,23.0,29.0,7.0
707,23.0,30.0,7.0
708,23.0,31.0,7.0
709,23.0,32.0,7.0
710,23.0,33.0,7.0
711,23.0,34.0,7.0
712,23.0,35.0,7.0
713,24.0,5.0,7.0
714,24.0,6.0,10.503230236323834
715,24.0,7.0,10.503230236323834
716,24.0,8.0,10.503230236323834
717,24.0,9.0,10.47148242341672
718,24.0,10.0,10.472459435395576
719,24.0,11.0,10.438693545027498
720,24.0,12.0,10.503230236323834
721,24.0,13.0,10.423189815951316
722,24.0,14.0,7.0
723,24.0,15.0,7.0
724,24.0,16.0,10.458779721372386
725,24.0,17.0,7.0
726,24.0,18.0,7.0
727,24.0,19.0,10.503230236323834
728,24.0,20.0,10.503230236323834
729,24.0,21.0,7.0
730,24.0,22.0,7.0
731,24.0,23.0,7.0
732,24.0,24.0,7.0
733,24.0,25.0,7.0
734,24.0,26.0,7.0
735,24.0,27.0,7.0
736,24.0,28.0,7.0
737,24.0,29.0,7.0
738,24.0,30.0,7.0
739,24.0,31.0,7.0
740,24.0,32.0,7.0
741,24.0,33.0,7.0
742,24.0,34.0,7.0
743,24.0,35.0,7.0
744,25.0,5.0,7.0
745,25.0,6.0,7.0
746,25.0,7.0,10.503230236323834
747,25.0,8.0,10.503230236323834
748,25.0,9.0,10.503230236323834
749,25.0,10.0,10.503230236323834
750,25.0,11.0,10.503230236323834
751,25.0,12.0,10.401450482828526
752,25.0,13.0,10.503230236323834
753,25.0,14.0,10.442607329983653
754,25.0,15.0,10.503230236323834
755,25.0,16.0,10.462409385454743
756,25.0,17.0,10.442607329983653
757,25.0,18.0,10.503230236323834
758,25.0,19.0,10.503230236323834
759,25.0,20.0,10.451938386548063
760,25.0,21.0,10.503230236323834
761,25.0,22.0,7.0
762,25.0,23.0,7.0
763,25.0,24.0,7.0
764,25.0,25.0,10.458779721372386
765,25.0,26.0,7.0
766,25.0,27.0,7.0
767,25.0,28.0,7.0
768,25.0,29.0,7.0
769,25.0,30.0,7.0
770,25.0,31.0,7.0
771,25.0,32.0,7.0
772,25.0,33.0,7.0
773,25.0,34.0,7.0
774,25.0,35.0,7.0
775,26.0,5.0,7.0
776,26.0,6.0,7.0
777,26.0,7.0,10.503230236323834
778,26.0,8.0,10.503230236323834
779,26.0,9.0,10.503230236323834
780,26.0,10.0,10.503230236323834
781,26.0,11.0,10.503230236323834
782,26.0,12.0,10.503230236323834
783,26.0,13.0,10.456711527718735
784,26.0,14.0,7.0
785,26.0,15.0,10.503230236323834
786,26.0,16.0,10.438693545027498
787,26.0,17.0,7.0
788,26.0,18.0,10.503230236323834
789,26.0,19.0,10.503230236323834
790,26.0,20.0,7.0
791,26.0,21.0,7.0
792,26.0,22.0,7.0
793,26.0,23.0,7.0
794,26.0,24.0,7.0
795,26.0,25.0,7.0
796,26.0,26.0,7.0
797,26.0,27.0,7.0
798,26.0,28.0,7.0
799,26.0,29.0,7.0
800,26.0,30.0,7.0
801,26.0,31.0,7.0
802,26.0,32.0,7.0
803,26.0,33.0,7.0
804,26.0,34.0,7.0
805,26.0,35.0,7.0
806,27.0,5.0,7.0
807,27.0,6.0,10.503230236323834
808,27.0,7.0,10.503230236323834
809,27.0,8.0,10.503230236323834
810,27.0,9.0,10.503230236323834
811,27.0,10.0,10.503230236323834
812,27.0,11.0,10.503230236323834
813,27.0,12.0,10.503230236323834
814,27.0,13.0,10.503230236323834
815,27.0,14.0,7.0
816,27.0,15.0,10.449164539921485
817,27.0,16.0,10.397872770399538
818,27.0,17.0,10.503230236323834
819,27.0,18.0,7.0
820,27.0,19.0,7.0
821,27.0,20.0,7.0
822,27.0,21.0,7.0
823,27.0,22.0,7.0
824,27.0,23.0,7.0
825,27.0,24.0,7.0
826,27.0,25.0,7.0
827,27.0,26.0,7.0
828,27.0,27.0,7.0
829,27.0,28.0,7.0
830,27.0,29.0,7.0
831,27.0,30.0,7.0
832,27.0,31.0,7.0
833,27.0,32.0,7.0
834,27.0,33.0,7.0
835,27.0,34.0,7.0
836,27.0,35.0,7.0
837,28.0,5.0,7.0
838,28.0,6.0,7.0
839,28.0,7.0,10.503230236323834
840,28.0,8.0,10.503230236323834
841,28.0,9.0,10.503230236323834
842,28.0,10.0,10.503230236323834
843,28.0,11.0,10.503230236323834
844,28.0,12.0,10.503230236323834
845,28.0,13.0,10.503230236323834
846,28.0,14.0,10.503230236323834
847,28.0,15.0,10.503230236323834
848,28.0,16.0,7.0
849,28.0,17.0,7.0
850,28.0,18.0,10.503230236323834
851,28.0,19.0,7.0
852,28.0,20.0,7.0
853,28.0,21.0,10.503230236323834
854,28.0,22.0,7.0
855,28.0,23.0,10.503230236323834
856,28.0,24.0,7.0
857,28.0,25.0,7.0
858,28.0,26.0,7.0
859,28.0,27.0,7.0
860,28.0,28.0,7.0
861,28.0,29.0,7.0
862,28.0,30.0,7.0
863,28.0,31.0,7.0
864,28.0,32.0,7.0
865,28.0,33.0,7.0
866,28.0,34.0,7.0
867,28.0,35.0,7.0
868,29.0,5.0,7.0
869,29.0,6.0,7.0
870,29.0,7.0,10.503230236323834
871,29.0,8.0,7.0
872,29.0,9.0,10.503230236323834
873,29.0,10.0,7.0
874,29.0,11.0,7.0
875,29.0,12.0,7.0
876,29.0,13.0,7.0
877,29.0,14.0,10.503230236323834
878,29.0,15.0,10.392007830342939
879,29.0,16.0,10.438693545027498
880,29.0,17.0,7.0
881,29.0,18.0,7.0
882,29.0,19.0,7.0
883,29.0,20.0,7.0
884,29.0,21.0,7.0
885,29.0,22.0,7.0
886,29.0,23.0,7.0
887,29.0,24.0,7.0
888,29.0,25.0,7.0
889,29.0,26.0,7.0
890,29.0,27.0,7.0
891,29.0,28.0,7.0
892,29.0,29.0,7.0
893,29.0,30.0,7.0
894,29.0,31.0,7.0
895,29.0,32.0,7.0
896,29.0,33.0,7.0
897,29.0,34.0,7.0
898,29.0,35.0,7.0
899,30.0,5.0,7.0
900,30.0,6.0,7.0
901,30.0,7.0,7.0
902,30.0,8.0,10.503230236323834
903,30.0,9.0,10.503230236323834
904,30.0,10.0,10.503230236323834
905,30.0,11.0,10.503230236323834
906,30.0,12.0,10.503230236323834
907,30.0,13.0,10.503230236323834
908,30.0,14.0,10.446073437049854
909,30.0,15.0,10.503230236323834
910,30.0,16.0,10.438693545027498
911,30.0,17.0,10.503230236323834
912,30.0,18.0,7.0
913,30.0,19.0,7.0
914,30.0,20.0,7.0
915,30.0,21.0,7.0
916,30.0,22.0,7.0
917,30.0,23.0,7.0
918,30.0,24.0,7.0
919,30.0,25.0,7.0
920,30.0,26.0,7.0
921,30.0,27.0,7.0
922,30.0,28.0,7.0
923,30.0,29.0,7.0
924,30.0,30.0,7.0
925,30.0,31.0,7.0
926,30.0,32.0,7.0
927,30.0,33.0,7.0
928,30.0,34.0,7.0
929,30.0,35.0,7.0
930,31.0,5.0,7.0
931,31.0,6.0,7.0
932,31.0,7.0,10.503230236323834
933,31.0,8.0,7.0
934,31.0,9.0,10.503230236323834
935,31.0,10.0,7.0
936,31.0,11.0,7.0
937,31.0,12.0,7.0
938,31.0,13.0,7.0
939,31.0,14.0,7.0
940,31.0,15.0,7.0
941,31.0,16.0,7.0
942,31.0,17.0,10.503230236323834
943,31.0,18.0,7.0
944,31.0,19.0,7.0
945,31.0,20.0,7.0
946,31.0,21.0,7.0
947,31.0,22.0,7.0
948,31.0,23.0,7.0
949,31.0,24.0,7.0
950,31.0,25.0,7.0
951,31.0,26.0,7.0
952,31.0,27.0,7.0
953,31.0,28.0,7.0
954,31.0,29.0,7.0
955,31.0,30.0,7.0
956,31.0,31.0,7.0
957,31.0,32.0,7.0
958,31.0,33.0,7.0
959,31.0,34.0,7.0
960,31.0,35.0,7.0
961,32.0,5.0,7.0
962,32.0,6.0,7.0
963,32.0,7.0,10.503230236323834
964,32.0,8.0,10.503230236323834
965,32.0,9.0,10.503230236323834
966,32.0,10.0,7.0
967,32.0,11.0,10.449164539921485
968,32.0,12.0,10.503230236323834
969,32.0,13.0,7.0
970,32.0,14.0,10.456711527718735
971,32.0,15.0,7.0
972,32.0,16.0,10.423189815951316
973,32.0,17.0,7.0
974,32.0,18.0,7.0
975,32.0,19.0,7.0
976,32.0,20.0,7.0
977,32.0,21.0,7.0
978,32.0,22.0,7.0
979,32.0,23.0,7.0
980,32.0,24.0,7.0
981,32.0,25.0,7.0
982,32.0,26.0,7.0
983,32.0,27.0,7.0
984,32.0,28.0,7.0
985,32.0,29.0,7.0
986,32.0,30.0,7.0
987,32.0,31.0,7.0
988,32.0,32.0,7.0
989,32.0,33.0,7.0
990,32.0,34.0,7.0
991,32.0,35.0,7.0
992,33.0,5.0,7.0
993,33.0,6.0,10.503239923680542
994,33.0,7.0,7.0
995,33.0,8.0,10.503230236323834
996,33.0,9.0,10.503230236323834
997,33.0,10.0,10.503230236323834
998,33.0,11.0,10.503230236323834
999,33.0,12.0,10.503230236323834
1000,33.0,13.0,7.0
1001,33.0,14.0,10.456711527718735
1002,33.0,15.0,7.0
1003,33.0,16.0,7.0
1004,33.0,17.0,10.503230236323834
1005,33.0,18.0,7.0
1006,33.0,19.0,7.0
1007,33.0,20.0,7.0
1008,33.0,21.0,7.0
1009,33.0,22.0,7.0
1010,33.0,23.0,7.0
1011,33.0,24.0,7.0
1012,33.0,25.0,7.0
1013,33.0,26.0,7.0
1014,33.0,27.0,7.0
1015,33.0,28.0,7.0
1016,33.0,29.0,7.0
1017,33.0,30.0,7.0
1018,33.0,31.0,7.0
1019,33.0,32.0,7.0
1020,33.0,33.0,7.0
1021,33.0,34.0,7.0
1022,33.0,35.0,7.0
1023,34.0,5.0,7.0
1024,34.0,6.0,7.0
1025,34.0,7.0,7.0
1026,34.0,8.0,7.0
1027,34.0,9.0,7.0
1028,34.0,10.0,7.0
1029,34.0,11.0,7.0
1030,34.0,12.0,7.0
1031,34.0,13.0,10.503230236323834
1032,34.0,14.0,10.438693545027498
1033,34.0,15.0,7.0
1034,34.0,16.0,7.0
1035,34.0,17.0,7.0
1036,34.0,18.0,7.0
1037,34.0,19.0,7.0
1038,34.0,20.0,7.0
1039,34.0,21.0,7.0
1040,34.0,22.0,7.0
1041,34.0,23.0,7.0
1042,34.0,24.0,7.0
1043,34.0,25.0,7.0
1044,34.0,26.0,7.0
1045,34.0,27.0,7.0
1046,34.0,28.0,7.0
1047,34.0,29.0,7.0
1048,34.0,30.0,7.0
1049,34.0,31.0,7.0
1050,34.0,32.0,7.0
1051,34.0,33.0,7.0
1052,34.0,34.0,7.0
1053,34.0,35.0,7.0
1054,35.0,5.0,7.0
1055,35.0,6.0,7.0
1056,35.0,7.0,7.0
1057,35.0,8.0,7.0
1058,35.0,9.0,7.0
1059,35.0,10.0,7.0
1060,35.0,11.0,7.0
1061,35.0,12.0,7.0
1062,35.0,13.0,7.0
1063,35.0,14.0,7.0
1064,35.0,15.0,7.0
1065,35.0,16.0,10.385450631617017
1066,35.0,17.0,7.0
1067,35.0,18.0,7.0
1068,35.0,19.0,7.0
1069,35.0,20.0,7.0
1070,35.0,21.0,7.0
1071,35.0,22.0,7.0
1072,35.0,23.0,7.0
1073,35.0,24.0,7.0
1074,35.0,25.0,7.0
1075,35.0,26.0,7.0
1076,35.0,27.0,7.0
1077,35.0,28.0,7.0
1078,35.0,29.0,7.0
1079,35.0,30.0,7.0
1080,35.0,31.0,7.0
1081,35.0,32.0,7.0
1082,35.0,33.0,7.0
1083,35.0,34.0,7.0
1084,35.0,35.0,7.0
1085,36.0,5.0,7.0
1086,36.0,6.0,7.0
1087,36.0,7.0,10.503230236323834
1088,36.0,8.0,10.503230236323834
1089,36.0,9.0,7.0
1090,36.0,10.0,7.0
1091,36.0,11.0,10.503230236323834
1092,36.0,12.0,7.0
1093,36.0,13.0,7.0
1094,36.0,14.0,7.0
1095,36.0,15.0,7.0
1096,36.0,16.0,7.0
1097,36.0,17.0,7.0
1098,36.0,18.0,7.0
1099,36.0,19.0,7.0
1100,36.0,20.0,7.0
1101,36.0,21.0,7.0
1102,36.0,22.0,10.503230236323834
1103,36.0,23.0,7.0
1104,36.0,24.0,7.0
1105,36.0,25.0,7.0
1106,36.0,26.0,7.0
1107,36.0,27.0,7.0
1108,36.0,28.0,7.0
1109,36.0,29.0,7.0
1110,36.0,30.0,7.0
1111,36.0,31.0,7.0
1112,36.0,32.0,7.0
1113,36.0,33.0,7.0
1114,36.0,34.0,7.0
1115,36.0,35.0,7.0
1116,37.0,5.0,7.0
1117,37.0,6.0,7.0
1118,37.0,7.0,10.503230236323834
1119,37.0,8.0,7.0
1120,37.0,9.0,7.0
1121,37.0,10.0,7.0
1122,37.0,11.0,7.0
1123,37.0,12.0,10.503230236323834
1124,37.0,13.0,7.0
1125,37.0,14.0,7.0
1126,37.0,15.0,10.503230236323834
1127,37.0,16.0,7.0
1128,37.0,17.0,7.0
1129,37.0,18.0,7.0
1130,37.0,19.0,7.0
1131,37.0,20.0,7.0
1132,37.0,21.0,7.0
1133,37.0,22.0,7.0
1134,37.0,23.0,10.503230236323834
1135,37.0,24.0,7.0
1136,37.0,25.0,7.0
1137,37.0,26.0,7.0
1138,37.0,27.0,7.0
1139,37.0,28.0,7.0
1140,37.0,29.0,7.0
1141,37.0,30.0,7.0
1142,37.0,31.0,7.0
1143,37.0,32.0,7.0
1144,37.0,33.0,7.0
1145,37.0,34.0,7.0
1146,37.0,35.0,7.0
1147,38.0,5.0,7.0
1148,38.0,6.0,7.0
1149,38.0,7.0,7.0
1150,38.0,8.0,7.0
1151,38.0,9.0,7.0
1152,38.0,10.0,7.0
1153,38.0,11.0,10.503230236323834
1154,38.0,12.0,7.0
1155,38.0,13.0,7.0
1156,38.0,14.0,7.0
1157,38.0,15.0,7.0
1158,38.0,16.0,7.0
1159,38.0,17.0,7.0
1160,38.0,18.0,7.0
1161,38.0,19.0,7.0
1162,38.0,20.0,7.0
1163,38.0,21.0,7.0
1164,38.0,22.0,7.0
1165,38.0,23.0,7.0
1166,38.0,24.0,7.0
1167,38.0,25.0,7.0
1168,38.0,26.0,7.0
1169,38.0,27.0,7.0
1170,38.0,28.0,7.0
1171,38.0,29.0,7.0
1172,38.0,30.0,7.0
1173,38.0,31.0,7.0
1174,38.0,32.0,7.0
1175,38.0,33.0,7.0
1176,38.0,34.0,7.0
1177,38.0,35.0,7.0
1178,39.0,5.0,7.0
1179,39.0,6.0,7.0
1180,39.0,7.0,7.0
1181,39.0,8.0,7.0
1182,39.0,9.0,7.0
1183,39.0,10.0,10.503230236323834
1184,39.0,11.0,7.0
1185,39.0,12.0,7.0
1186,39.0,13.0,7.0
1187,39.0,14.0,7.0
1188,39.0,15.0,7.0
1189,39.0,16.0,7.0
1190,39.0,17.0,7.0
1191,39.0,18.0,7.0
1192,39.0,19.0,7.0
1193,39.0,20.0,7.0
1194,39.0,21.0,7.0
1195,39.0,22.0,7.0
1196,39.0,23.0,7.0
1197,39.0,24.0,7.0
1198,39.0,25.0,7.0
1199,39.0,26.0,7.0
1200,39.0,27.0,7.0
1201,39.0,28.0,7.0
1202,39.0,29.0,7.0
1203,39.0,30.0,7.0
1204,39.0,31.0,7.0
1205,39.0,32.0,7.0
1206,39.0,33.0,7.0
1207,39.0,34.0,7.0
1208,39.0,35.0,7.0
1209,40.0,5.0,7.0
1210,40.0,6.0,7.0
1211,40.0,7.0,7.0
1212,40.0,8.0,7.0
1213,40.0,9.0,7.0
1214,40.0,10.0,7.0
1215,40.0,11.0,7.0
1216,40.0,12.0,7.0
1217,40.0,13.0,7.0
1218,40.0,14.0,7.0
1219,40.0,15.0,7.0
1220,40.0,16.0,7.0
1221,40.0,17.0,7.0
1222,40.0,18.0,7.0
1223,40.0,19.0,7.0
1224,40.0,20.0,7.0
1225,40.0,21.0,7.0
1226,40.0,22.0,7.0
1227,40.0,23.0,7.0
1228,40.0,24.0,7.0
1229,40.0,25.0,7.0
1230,40.0,26.0,7.0
1231,40.0,27.0,7.0
1232,40.0,28.0,7.0
1233,40.0,29.0,7.0
1234,40.0,30.0,7.0
1235,40.0,31.0,7.0
1236,40.0,32.0,7.0
1237,40.0,33.0,7.0
1238,40.0,34.0,7.0
1239,40.0,35.0,7.0
1240,41.0,5.0,7.0
1241,41.0,6.0,7.0
1242,41.0,7.0,7.0
1243,41.0,8.0,7.0
1244,41.0,9.0,7.0
1245,41.0,10.0,7.0
1246,41.0,11.0,7.0
1247,41.0,12.0,7.0
1248,41.0,13.0,7.0
1249,41.0,14.0,7.0
1250,41.0,15.0,7.0
1251,41.0,16.0,7.0
1252,41.0,17.0,7.0
1253,41.0,18.0,7.0
1254,41.0,19.0,7.0
1255,41.0,20.0,7.0
1256,41.0,21.0,7.0
1257,41.0,22.0,7.0
1258,41.0,23.0,7.0
1259,41.0,24.0,7.0
1260,41.0,25.0,7.0
1261,41.0,26.0,7.0
1262,41.0,27.0,7.0
1263,41.0,28.0,7.0
1264,41.0,29.0,7.0
1265,41.0,30.0,7.0
1266,41.0,31.0,7.0
1267,41.0,32.0,7.0
1268,41.0,33.0,7.0
1269,41.0,34.0,7.0
1270,41.0,35.0,7.0
1271,42.0,5.0,7.0
1272,42.0,6.0,7.0
1273,42.0,7.0,7.0
1274,42.0,8.0,7.0
1275,42.0,9.0,7.0
1276,42.0,10.0,7.0
1277,42.0,11.0,7.0
1278,42.0,12.0,7.0
1279,42.0,13.0,7.0
1280,42.0,14.0,7.0
1281,42.0,15.0,7.0
1282,42.0,16.0,10.503230236323834
1283,42.0,17.0,7.0
1284,42.0,18.0,7.0
1285,42.0,19.0,7.0
1286,42.0,20.0,7.0
1287,42.0,21.0,7.0
1288,42.0,22.0,10.503230236323834
1289,42.0,23.0,7.0
1290,42.0,24.0,7.0
1291,42.0,25.0,7.0
1292,42.0,26.0,7.0
1293,42.0,27.0,7.0
1294,42.0,28.0,7.0
1295,42.0,29.0,7.0
1296,42.0,30.0,7.0
1297,42.0,31.0,7.0
1298,42.0,32.0,7.0
1299,42.0,33.0,7.0
1300,42.0,34.0,7.0
1301,42.0,35.0,7.0
1302,43.0,5.0,7.0
1303,43.0,6.0,7.0
1304,43.0,7.0,7.0
1305,43.0,8.0,7.0
1306,43.0,9.0,7.0
1307,43.0,10.0,7.0
1308,43.0,11.0,10.503230236323834
1309,43.0,12.0,7.0
1310,43.0,13.0,7.0
1311,43.0,14.0,7.0
1312,43.0,15.0,7.0
1313,43.0,16.0,7.0
1314,43.0,17.0,10.503230236323834
1315,43.0,18.0,7.0
1316,43.0,19.0,7.0
1317,43.0,20.0,7.0
1318,43.0,21.0,7.0
1319,43.0,22.0,7.0
1320,43.0,23.0,7.0
1321,43.0,24.0,7.0
1322,43.0,25.0,7.0
1323,43.0,26.0,7.0
1324,43.0,27.0,7.0
1325,43.0,28.0,7.0
1326,43.0,29.0,7.0
1327,43.0,30.0,7.0
1328,43.0,31.0,7.0
1329,43.0,32.0,7.0
1330,43.0,33.0,7.0
1331,43.0,34.0,7.0
1332,43.0,35.0,7.0
1333,44.0,5.0,7.0
1334,44.0,6.0,7.0
1335,44.0,7.0,7.0
1336,44.0,8.0,7.0
1337,44.0,9.0,7.0
1338,44.0,10.0,7.0
1339,44.0,11.0,7.0
1340,44.0,12.0,7.0
1341,44.0,13.0,7.0
1342,44.0,14.0,7.0
1343,44.0,15.0,7.0
1344,44.0,16.0,7.0
1345,44.0,17.0,7.0
1346,44.0,18.0,7.0
1347,44.0,19.0,7.0
1348,44.0,20.0,7.0
1349,44.0,21.0,7.0
1350,44.0,22.0,7.0
1351,44.0,23.0,7.0
1352,44.0,24.0,7.0
1353,44.0,25.0,7.0
1354,44.0,26.0,7.0
1355,44.0,27.0,7.0
1356,44.0,28.0,7.0
1357,44.0,29.0,7.0
1358,44.0,30.0,7.0
1359,44.0,31.0,7.0
1360,44.0,32.0,7.0
1361,44.0,33.0,7.0
1362,44.0,34.0,7.0
1363,44.0,35.0,7.0
1364,45.0,5.0,7.0
1365,45.0,6.0,7.0
1366,45.0,7.0,7.0
1367,45.0,8.0,7.0
1368,45.0,9.0,7.0
1369,45.0,10.0,7.0
1370,45.0,11.0,7.0
1371,45.0,12.0,7.0
1372,45.0,13.0,7.0
1373,45.0,14.0,7.0
1374,45.0,15.0,7.0
1375,45.0,16.0,7.0
1376,45.0,17.0,7.0
1377,45.0,18.0,7.0
1378,45.0,19.0,7.0
1379,45.0,20.0,7.0
1380,45.0,21.0,7.0
1381,45.0,22.0,7.0
1382,45.0,23.0,7.0
1383,45.0,24.0,7.0
1384,45.0,25.0,7.0
1385,45.0,26.0,7.0
1386,45.0,27.0,7.0
1387,45.0,28.0,7.0
1388,45.0,29.0,7.0
1389,45.0,30.0,7.0
1390,45.0,31.0,7.0
1391,45.0,32.0,7.0
1392,45.0,33.0,7.0
1393,45.0,34.0,7.0
1394,45.0,35.0,7.0
1395,46.0,5.0,7.0
1396,46.0,6.0,7.0
1397,46.0,7.0,7.0
1398,46.0,8.0,7.0
1399,46.0,9.0,7.0
1400,46.0,10.0,7.0
1401,46.0,11.0,7.0
1402,46.0,12.0,7.0
1403,46.0,13.0,10.503230236323834
1404,46.0,14.0,7.0
1405,46.0,15.0,7.0
1406,46.0,16.0,7.0
1407,46.0,17.0,7.0
1408,46.0,18.0,7.0
1409,46.0,19.0,7.0
1410,46.0,20.0,7.0
1411,46.0,21.0,7.0
1412,46.0,22.0,7.0
1413,46.0,23.0,7.0
1414,46.0,24.0,7.0
1415,46.0,25.0,7.0
1416,46.0,26.0,7.0
1417,46.0,27.0,7.0
1418,46.0,28.0,7.0
1419,46.0,29.0,7.0
1420,46.0,30.0,7.0
1421,46.0,31.0,7.0
1422,46.0,32.0,7.0
1423,46.0,33.0,7.0
1424,46.0,34.0,7.0
1425,46.0,35.0,7.0
1426,47.0,5.0,7.0
1427,47.0,6.0,7.0
1428,47.0,7.0,7.0
1429,47.0,8.0,7.0
1430,47.0,9.0,7.0
1431,47.0,10.0,7.0
1432,47.0,11.0,7.0
1433,47.0,12.0,7.0
1434,47.0,13.0,7.0
1435,47.0,14.0,7.0
1436,47.0,15.0,7.0
1437,47.0,16.0,7.0
1438,47.0,17.0,7.0
1439,47.0,18.0,7.0
1440,47.0,19.0,7.0
1441,47.0,20.0,7.0
1442,47.0,21.0,7.0
1443,47.0,22.0,7.0
1444,47.0,23.0,7.0
1445,47.0,24.0,7.0
1446,47.0,25.0,7.0
1447,47.0,26.0,7.0
1448,47.0,27.0,7.0
1449,47.0,28.0,7.0
1450,47.0,29.0,7.0
1451,47.0,30.0,7.0
1452,47.0,31.0,7.0
1453,47.0,32.0,7.0
1454,47.0,33.0,7.0
1455,47.0,34.0,7.0
1456,47.0,35.0,7.0
1457,48.0,5.0,7.0
1458,48.0,6.0,7.0
1459,48.0,7.0,7.0
1460,48.0,8.0,7.0
1461,48.0,9.0,7.0
1462,48.0,10.0,7.0
1463,48.0,11.0,7.0
1464,48.0,12.0,7.0
1465,48.0,13.0,7.0
1466,48.0,14.0,7.0
1467,48.0,15.0,7.0
1468,48.0,16.0,7.0
1469,48.0,17.0,7.0
1470,48.0,18.0,7.0
1471,48.0,19.0,7.0
1472,48.0,20.0,7.0
1473,48.0,21.0,7.0
1474,48.0,22.0,7.0
1475,48.0,23.0,7.0
1476,48.0,24.0,7.0
1477,48.0,25.0,7.0
1478,48.0,26.0,7.0
1479,48.0,27.0,7.0
1480,48.0,28.0,7.0
1481,48.0,29.0,7.0
1482,48.0,30.0,7.0
1483,48.0,31.0,7.0
1484,48.0,32.0,7.0
1485,48.0,33.0,7.0
1486,48.0,34.0,7.0
1487,48.0,35.0,7.0
1488,49.0,5.0,7.0
1489,49.0,6.0,7.0
1490,49.0,7.0,7.0
1491,49.0,8.0,7.0
1492,49.0,9.0,7.0
1493,49.0,10.0,7.0
1494,49.0,11.0,7.0
1495,49.0,12.0,7.0
1496,49.0,13.0,7.0
1497,49.0,14.0,7.0
1498,49.0,15.0,7.0
1499,49.0,16.0,7.0
1500,49.0,17.0,7.0
1501,49.0,18.0,7.0
1502,49.0,19.0,7.0
1503,49.0,20.0,7.0
1504,49.0,21.0,7.0
1505,49.0,22.0,7.0
1506,49.0,23.0,7.0
1507,49.0,24.0,7.0
1508,49.0,25.0,7.0
1509,49.0,26.0,7.0
1510,49.0,27.0,7.0
1511,49.0,28.0,7.0
1512,49.0,29.0,7.0
1513,49.0,30.0,7.0
1514,49.0,31.0,7.0
1515,49.0,32.0,7.0
1516,49.0,33.0,7.0
1517,49.0,34.0,7.0
1518,49.0,35.0,7.0
1519,50.0,5.0,7.0
1520,50.0,6.0,7.0
1521,50.0,7.0,7.0
1522,50.0,8.0,7.0
1523,50.0,9.0,7.0
1524,50.0,10.0,7.0
1525,50.0,11.0,7.0
1526,50.0,12.0,7.0
1527,50.0,13.0,7.0
1528,50.0,14.0,7.0
1529,50.0,15.0,7.0
1530,50.0,16.0,7.0
1531,50.0,17.0,7.0
1532,50.0,18.0,7.0
1533,50.0,19.0,7.0
1534,50.0,20.0,7.0
1535,50.0,21.0,7.0
1536,50.0,22.0,7.0
1537,50.0,23.0,7.0
1538,50.0,24.0,7.0
1539,50.0,25.0,7.0
1540,50.0,26.0,7.0
1541,50.0,27.0,7.0
1542,50.0,28.0,7.0
1543,50.0,29.0,7.0
1544,50.0,30.0,7.0
1545,50.0,31.0,7.0
1546,50.0,32.0,7.0
1547,50.0,33.0,7.0
1548,50.0,34.0,7.0
1549,50.0,35.0,7.0
